Music_name,Music_id
Nickelback - How You Remind Me.mp3,1cQh1ccqu8M
Sia - Chandelier (Official Video).mp3,2vjPBrBU-TM
Evanescence - Bring Me To Life (Official Music Video).mp3,3YxaaGgTQYM
Capital Cities - Safe And Sound.mp3,47dtFZ8CFo8
Nicki Minaj - Super Bass.mp3,4JipHEz53sU
The Cranberries - Zombie (Official Music Video).mp3,6Ejga4kJUts
Katy Perry - This Is How We Do (Official).mp3,7RMQksXpQSk
Guns N' Roses - November Rain.mp3,8SbUC-UaAxE
Gotye - Somebody That I Used To Know (feat. Kimbra) [Official Music Video].mp3,8UVNT4wvIGY
Nelly - Dilemma (Official Music Video) ft. Kelly Rowland.mp3,8WYHDfJDPDc
PSY - GANGNAM STYLE MV.mp3,9bZkp7q19f0
Calvin Harris - I Need Your Love (Official Video) ft. Ellie Goulding.mp3,AtKZKl7Bgu0
Avril Lavigne - Girlfriend (Official Video).mp3,Bg59q4puhmg
Katy Perry - Roar.mp3,CevxZvSJLk8
Wham! - Last Christmas (Official Video).mp3,E8gmARGvPlI
Jason Mraz - I'm Yours (Official Video) [4K].mp3,EkHTsc9PU2A
Rihanna - Take A Bow.mp3,J3UjJ4wKLkg
Calvin Harris - Outside (Official Video) ft. Ellie Goulding.mp3,J9NQFACZYEU
David Guetta - Titanium ft. Sia (Official Video).mp3,JRfuAukYTKg
Maroon 5 - Payphone ft. Wiz Khalifa (Explicit) (Official Music Video).mp3,KRaWnd3LJfs
Katy Perry - Last Friday Night (T.G.I.F.) (Official Music Video).mp3,KlyXNRrsk4A
Bruno Mars - Just The Way You Are (Official Music Video).mp3,LjhCEhWiKXk
Miley Cyrus - We Can't Stop (Official Video).mp3,LrUvu1mlWco
Miley Cyrus - Party In The U.S.A. (Official Video).mp3,M11SvDtPBhA
Miley Cyrus - Wrecking Ball (Official Video).mp3,My2FRPA3Gf8
The Police - Every Breath You Take (Official Video).mp3,OMOGaugKpzs
Lil Wayne - Mirror ft. Bruno Mars (Official Music Video).mp3,OZLUa8JUR18
P!nk - Just Give Me A Reason ft. Nate Ruess.mp3,OpQFFLBMEPI
MAGIC! - Rude (Official Video).mp3,PIh2xe4jnpk
Katy Perry - Firework (Official Music Video).mp3,QGJuMBdaqIw
One Direction - What Makes You Beautiful (Official Video).mp3,QJO3ROT-A4E
Coldplay - The Scientist (Official 4K Video).mp3,RB-RcX5DS5A
Eminem - Mockingbird [Official Music Video].mp3,S9bCLPwzSC0
Pitbull - Rain Over Me ft. Marc Anthony.mp3,SmM0653YvXU
Rihanna - What's My Name ft. Drake.mp3,U0CGsw6h60k
Coldplay - A Sky Full Of Stars (Official Video).mp3,VPRjCeoBqrI
Taylor Swift - We Are Never Ever Getting Back Together.mp3,WA4iX5D9Z64
Katy Perry - Unconditionally (Official).mp3,XjwZAa2EjKA
Avicii - Hey Brother (Lyric).mp3,YxIiPLVR6NA
Jennifer Lopez - Dance Again (Official Video) ft. Pitbull.mp3,bjgFH01k0gU
Beyonce - Halo.mp3,bnVUHWCynig
Survivor - Eye Of The Tiger (Official HD Video).mp3,btPJPFnesV4
Flo Rida - Whistle [Official Video].mp3,cSnkWzZ7ZAA
Coldplay - Viva La Vida (Official Video).mp3,dvgZkm1xWPE
Bruno Mars - Locked Out Of Heaven (Official Music Video).mp3,e-fA-gBCkj0
Calvin Harris - Summer (Official Video).mp3,ebXbLfLACGM
Hoobastank - The Reason (Official Music Video).mp3,fV4DiAyExN0
Eminem - Not Afraid.mp3,j5-yKhDd64s
Katy Perry - Wide Awake (Official Video).mp3,k0BWlvnBmIE
Katy Perry - Hot N Cold (Official).mp3,kTHNpusq654
Justin Bieber - Baby ft. Ludacris.mp3,kffacxfA7G4
Bon Jovi - Livin' On A Prayer.mp3,lDK9QqIzhwk
Scorpions - Wind Of Change (Official Music Video).mp3,n4RjJKxsamQ
Sam Smith - I'm Not The Only One (Official Music Video).mp3,nCkpzqqog4k
Shakira - Can't Remember to Forget You (Official Video) ft. Rihanna.mp3,o3mP3mJDL2k
Maroon 5 - Animals.mp3,qpgTC9MDx1o
Adele - Rolling in the Deep (Official Music Video).mp3,rYEDA3JcQqw
Christina Perri - A Thousand Years [Official Music Video].mp3,rtOvBOTyX00
Katy Perry - E.T. ft. Kanye West (Official Music Video).mp3,t5Sd5c4o9UM
Rihanna - We Found Love ft. Calvin Harris.mp3,tg00YEETFzg
"David Guetta, Cedric Gervais & Chris Willis - Would I Lie To You (Lyric Video).mp3",u0pmV7GoTjc
Taylor Swift - I Knew You Were Trouble.mp3,vNoKguSdy4Y
"Shakira - Whenever, Wherever (Official HD Video).mp3",weRHyjj34ZE
LMFAO - Sexy and I Know It.mp3,wyx6JDQCslE
Rihanna - Don't Stop The Music.mp3,yd8jh9QYfEs
"Robin Thicke - Blurred Lines ft. T.I., Pharrell.mp3",yyDUC1LUXSU
Carly Rae Jepsen - Call Me Maybe.mp3,fWNaR-rxAic
